,phase_id,thermal_expansion,temperature
P1004814-3,41940.0,2.9000000000000004,300.0
P1100654-21,31133.0,3.9,298.0
P1100654-22,31133.0,2.9000000000000004,298.0
P1100654-23,31133.0,5.333333333333333,298.0
P1101042-7,35377.0,17.5,298.0
P1101182-3,35243.0,-1.0,210.0
P1101182-4,35243.0,19.2,210.0
P1101183-10,34305.0,13.0,280.0
P1101183-9,34305.0,10.8,280.0
P1102307-3,26506.0,13.0,100.0
P1102312-1,26506.0,7.199999999999999,749.0
P1102312-2,26506.0,7.9,749.0
P1102312-3,26506.0,14.8,749.0
P1102563-2,48784.0,6.0,298.0
P1102563-3,48784.0,21.0,298.0
P1103107-3,26506.0,0.5,33.4
P1103108-2,26824.0,-0.63,36.0
P1103989-2,26641.0,11.1,298.0
P1104103-2,13996.0,-5.4,298.0
P1104104-2,13995.0,11.833333333333334,298.0
P1104107-1,18989.0,11.399999999999999,298.0
P1105078-2,9770.0,12.1,212.5
P1105078-3,9770.0,9.700000000000001,212.5
P1105078-4,9770.0,11.0,212.5
P1105078-5,9770.0,11.0,212.5
P1105079-2,9769.0,10.299999999999999,963.0
P1105079-3,9769.0,18.4,963.0
P1105079-4,9769.0,13.166666666666666,212.5
P1105608-2,131156.0,0.091,7.0
P1105711-5,26978.0,11.399999999999999,200.0
P1105712-5,26506.0,10.0,250.0
P1105713-5,30949.0,11.600000000000001,250.0
P1105714-4,26652.0,13.299999999999999,250.0
P1105715-4,26984.0,11.2,250.0
P1105716-5,33829.0,13.9,250.0
P1105717-8,27046.0,11.600000000000001,250.0
P1105718-8,27041.0,13.8,250.0
P1106073-8,75310.0,5.145,105.0
P1106073-9,75310.0,5.168,105.0
P1106494-2,26449.0,12.5,483.0
P1106494-3,26449.0,13.7,483.0
P1106494-4,26449.0,17.200000000000003,483.0
P1106494-5,26449.0,15.066666666666666,483.0
P1106495-1,27058.0,18.099999999999998,948.0
P1106495-2,27058.0,31.2,948.0
P1106495-3,27058.0,12.9,683.0
P1106495-4,27058.0,18.7,683.0
P1106495-5,27058.0,44.6,683.0
P1106495-6,27058.0,22.966666666666665,948.0
P1106597-5,12253.0,1.33,298.0
P1106597-6,12253.0,2.7,298.0
P1106598-4,37531.0,9.799999999999999,298.0
P1106598-5,37531.0,5.6,298.0
P1106599-5,28306.0,13.299999999999999,298.0
P1106599-6,28306.0,-6.7,298.0
P1106686-10,32568.0,5.2,30.4
P1106686-11,32568.0,4.8,30.4
P1106686-12,32568.0,6.333333333333333,30.4
P1106686-9,32568.0,9.3,30.4
P1106993-4,78504.0,17.4,298.0
P1106993-5,78504.0,-7.199999999999999,298.0
P1106995-5,78504.0,17.4,298.0
P1106995-6,78504.0,18.099999999999998,298.0
P1106996-4,78504.0,9.9,298.0
P1106996-5,78504.0,10.8,298.0
P1107145-3,13884.0,4.8,780.0
P1107145-4,13884.0,76.9,780.0
P1107145-5,13884.0,0.6,780.0
P1107145-6,13884.0,29.53333333333333,780.0
P1107146-3,13884.0,4.8,570.0
P1107146-4,13884.0,76.9,570.0
P1107146-5,13884.0,0.6,570.0
P1107146-6,13884.0,29.53333333333333,570.0
P1107160-4,56196.0,12.5,525.0
P1107161-5,56196.0,20.0,950.0
P1107177-5,19423.0,13.803333333333333,573.0
P1107461-2,73586.0,10.1,485.0
P1107461-3,73586.0,11.0,485.0
P1107461-4,73586.0,8.600000000000001,485.0
P1107461-5,73586.0,9.9,485.0
P1107462-5,56614.0,10.1,485.0
P1107462-6,56614.0,11.0,485.0
P1107462-7,56614.0,8.600000000000001,485.0
P1107462-8,56614.0,9.9,485.0
P1107463-5,85828.0,9.0,990.0
P1107463-6,85828.0,14.0,990.0
P1107463-7,85828.0,10.7,990.0
P1107464-4,85828.0,9.0,990.0
P1107464-5,85828.0,14.0,990.0
P1107464-6,85828.0,10.7,990.0
P1107763-2,46898.0,12.5,298.0
P1107764-2,64734.0,16.3,298.0
P1108115-3,130566.0,9.678e-09,298.0
P1108115-4,130566.0,3.461e-09,298.0
P1108761-1,71831.0,11.2,298.0
P1108762-1,71830.0,11.3,298.0
P1108803-10,26722.0,12.7,873.0
P1108803-3,26722.0,11.9,525.5
P1108803-4,26722.0,6.9,525.5
P1108803-5,26722.0,8.0,525.5
P1108803-6,26722.0,16.2,873.0
P1108803-7,26722.0,9.4,873.0
P1108803-8,26722.0,11.2,873.0
P1108803-9,26722.0,9.0,525.5
P1108804-2,71777.0,10.7,525.5
P1108804-3,71777.0,7.300000000000001,525.5
P1108804-4,71777.0,8.3,525.5
P1108804-5,71777.0,14.7,873.0
P1108804-6,71777.0,9.3,873.0
P1108804-7,71777.0,11.0,873.0
P1108805-10,13577.0,9.4,565.5
P1108805-11,13577.0,13.233333333333334,933.0
P1108805-4,13577.0,12.799999999999999,565.5
P1108805-5,13577.0,7.300000000000001,565.5
P1108805-6,13577.0,7.9,565.5
P1108805-7,13577.0,17.200000000000003,933.0
P1108805-8,13577.0,9.5,933.0
P1108805-9,13577.0,12.0,933.0
P1108806-4,71776.0,11.5,545.5
P1108806-5,71776.0,7.1,545.5
P1108806-6,71776.0,7.700000000000001,545.5
P1108806-7,71776.0,14.0,913.0
P1108806-8,71776.0,9.2,913.0
P1108806-9,71776.0,11.5,913.0
P1109624-5,16112.0,79.7,194.0
P1110336-8,12926.0,6.93,298.0
P1110337-1,12960.0,10.7,1250.0
P1110338-1,10682.0,7.91,1250.0
P1110539-1,18436.0,12.16,794.5
P1110539-2,18436.0,15.18,801.0
P1110540-3,99920.0,12.370000000000001,729.5
P1110540-4,99920.0,14.34,807.0
P1110579-1,48943.0,12.0,600.0
P1110580-1,56157.0,11.5,600.0
P1110581-1,82491.0,11.1,600.0
P1110582-1,82294.0,11.1,600.0
P1110621-2,48943.0,11.5,548.0
P1110760-7,16964.0,9.31,1036.5
P1110783-1,16100.0,8.389999999999999,298.0
P1110800-7,75655.0,42.0,50.0
P1110800-8,75655.0,14.600000000000001,80.0
P1110865-1,58758.0,10.180000000000001,1000.0
P1110866-1,48735.0,9.5,1000.0
P1110867-1,10200.0,10.5,850.0
P1110868-2,142888.0,10.09,1000.0
P1110870-2,138278.0,11.08,1000.0
P1110927-2,50163.0,22.74,635.5
P1110927-3,50163.0,9.34,635.5
P1110927-4,50163.0,15.690000000000001,635.5
P1110927-5,50163.0,15.236666666666666,635.5
P1110928-1,127780.0,21.950000000000003,635.5
P1110928-2,127780.0,14.93,635.5
P1110928-3,127780.0,20.63,635.5
P1110929-2,127779.0,20.61,635.5
P1110930-2,50120.0,7.989999999999999,635.5
P1110930-3,50120.0,8.02,635.5
P1110937-3,51238.0,11.399999999999999,1073.0
P1110937-4,51238.0,11.600000000000001,1273.0
P1110938-4,96601.0,11.1,1073.0
P1110938-5,96601.0,11.5,1273.0
P1110939-4,96602.0,11.2,1073.0
P1110939-5,96602.0,11.5,1273.0
P1110944-5,56157.0,12.39,298.0
P1110945-5,128896.0,12.93,298.0
P1110946-5,18436.0,13.29,298.0
P1110980-1,37112.0,11.26,298.0
P1110982-2,14010.0,11.8,787.5
P1111004-8,16859.0,14.5,298.0
P1111119-5,56153.0,16.2,438.0
P1111119-6,56153.0,22.099999999999998,948.0
P1111119-7,56153.0,19.700000000000003,688.0
P1111120-5,80953.0,13.1,438.0
P1111120-6,80953.0,25.2,948.0
P1111120-7,80953.0,20.2,688.0
P1111252-2,48945.0,12.700000000000001,785.5
P1111286-3,28091.0,11.666666666666664,298.0
P1111301-6,129475.0,14.0,773.0
P1111612-1,81343.0,12.0,157.5
P1111612-2,81343.0,-2.7,157.5
P1111657-2,99401.0,13.7,298.0
P1111771-3,75431.0,3.1,298.0
P1111771-4,75431.0,7.1,298.0
P1111868-4,35322.0,7.8,43.6
P1111868-5,35322.0,16.3,43.6
P1111868-6,35322.0,33.2,43.6
P1111869-6,35322.0,6.9,15.2
P1111869-7,35322.0,12.0,15.2
P1111869-8,35322.0,17.4,15.2
P1111870-3,142827.0,6.9,15.2
P1111870-4,142827.0,12.0,15.2
P1111870-5,142827.0,17.4,15.2
P1113059-5,26506.0,9.6,298.0
P1113059-6,26506.0,17.6,298.0
P1113073-1,122321.0,12.3,298.0
P1113073-2,122321.0,16.0,298.0
P1113074-1,75310.0,12.1,298.0
P1113074-2,75310.0,15.2,298.0
P1113106-3,26462.0,9.5,573.0
P1113110-2,26830.0,10.25,285.0
P1113111-5,26829.0,11.0,673.0
P1113400-9,73792.0,11.7,100.0
P1113740-3,99046.0,20.9,298.0
P1113742-4,59916.0,13.9,298.0
P1113743-3,59917.0,10.0,298.0
P1113855-2,12274.0,17.5,85.0
P1113855-3,12274.0,22.5,85.0
P1113855-4,12274.0,-11.2,85.0
P1113855-5,12274.0,4.75,10.0
P1113855-6,12274.0,0.9199999999999999,10.0
P1113855-7,12274.0,3.95,10.0
P1113855-8,12274.0,-0.06,10.0
P1113855-9,12274.0,5.1000000000000005,10.0
P1113856-3,58271.0,22.0,41.0
P1113856-4,58271.0,12.1,41.0
P1113856-5,58271.0,-20.0,41.0
P1113857-3,110516.0,13.200000000000001,27.0
P1113857-4,110516.0,7.1,27.0
P1113857-5,110516.0,-12.3,27.0
P1113934-1,9782.0,11.91,298.0
P1113935-1,57258.0,11.53,298.0
P1113936-1,12354.0,11.16,298.0
P1113985-3,12274.0,7.6499999999999995,298.0
P1113987-3,9953.0,7.890000000000001,298.0
P1113988-3,9953.0,7.890000000000001,298.0
P1114053-4,10004.0,7.32,298.0
P1114054-4,10004.0,7.09,298.0
P1114352-1,18892.0,6.7,298.0
P1114353-1,13388.0,5.5,298.0
P1114354-1,14907.0,5.5,298.0
P1114355-1,18658.0,5.6,298.0
P1114357-1,16480.0,5.5,298.0
P1114359-1,112826.0,3.8,298.0
P1114361-1,26876.0,4.5,298.0
P1114621-7,86736.0,9.34,836.5
P1114622-7,86737.0,9.47,836.5
P1114623-7,86509.0,8.709999999999999,836.5
P1114626-3,70111.0,-5.1000000000000005,298.0
P1114627-2,70110.0,-10.299999999999999,298.0
P1114628-2,70180.0,-10.299999999999999,298.0
P1114630-2,70109.0,-5.1000000000000005,298.0
P1114631-2,70109.0,-10.299999999999999,298.0
P1114861-3,77642.0,20.7,298.0
P1114862-3,127807.0,18.2,298.0
P1114863-2,128280.0,14.600000000000001,298.0
P1114866-1,47873.0,8.579999999999998,298.0
P1114867-1,70179.0,9.459999999999999,298.0
P1115457-4,35382.0,11.2,373.0
P1115457-5,35382.0,14.0,873.0
P1116079-2,15966.0,7.1,298.0
P1116079-3,15966.0,7.1,298.0
P1116243-7,5251.0,6.0,298.0
P1116243-8,5251.0,29.5,211.0
P1116243-9,5251.0,6.0,298.0
P1116975-1,6123.0,10.97,298.0
P1117840-3,39795.0,34.71,298.0
P1117841-3,41940.0,19.48,298.0
P1118237-2,14097.0,-23.33333333333333,298.0
P1118638-1,15933.0,6.333333333333333,535.5
P1118648-1,26534.0,0.5700000000000001,773.0
P1118648-2,26534.0,13.77,773.0
P1118648-3,26534.0,12.04,773.0
P1118648-4,26534.0,9.819999999999999,773.0
P1118650-1,123165.0,-6.82,773.0
P1118650-2,123165.0,-0.22,773.0
P1118650-3,123165.0,-5.069999999999999,773.0
P1118712-5,35382.0,12.4,298.0
P1118712-6,35382.0,23.7,298.0
P1118713-5,128370.0,12.3,298.0
P1118713-6,128370.0,20.7,298.0
P1118714-7,128394.0,12.799999999999999,298.0
P1118714-8,128394.0,19.0,298.0
P1118715-4,128369.0,13.1,298.0
P1118715-5,128369.0,21.2,298.0
P1118734-4,37197.0,12.2,688.0
P1118735-4,96033.0,12.3,688.0
P1118736-3,175446.0,13.6,688.0
P1118737-3,64668.0,11.600000000000001,688.0
P1118738-4,111805.0,10.5,688.0
P1118739-4,69846.0,12.3,688.0
P1118759-1,135995.0,7.747000000000001,298.0
P1118764-1,123166.0,-10.020000000000001,298.0
P1118764-2,123166.0,-2.99,298.0
P1118764-3,123166.0,-5.21,298.0
P1118764-4,123166.0,-6.04,298.0
P1118916-6,135205.0,9.6,298.0
P1118916-7,135205.0,18.2,298.0
P1118943-3,22034.0,6.0,298.0
P1118943-4,22034.0,0.5,298.0
P1118943-5,22034.0,0.0,298.0
P1118943-6,22034.0,2.333333333333333,298.0
P1118944-4,86000.0,15.5,298.0
P1118944-5,86000.0,12.1,298.0
P1118944-6,86000.0,14.2,298.0
P1118945-4,86170.0,16.4,298.0
P1118945-5,86170.0,12.6,298.0
P1118945-6,86170.0,15.5,298.0
P1118946-4,10874.0,17.900000000000002,298.0
P1118946-5,10874.0,14.3,298.0
P1118946-6,10874.0,16.2,298.0
P1118948-2,10875.0,11.3,298.0
P1118948-3,10875.0,10.8,298.0
P1118948-4,10875.0,11.7,298.0
P1118949-2,86171.0,9.4,298.0
P1118949-3,86171.0,11.5,298.0
P1118949-4,86171.0,11.2,298.0
P1118950-2,86001.0,12.799999999999999,298.0
P1118950-3,86001.0,10.8,298.0
P1118950-4,86001.0,13.0,298.0
P1119067-4,28079.0,12.4,298.0
P1119068-4,48472.0,25.700000000000003,298.0
P1119469-10,113453.0,9.989999999999998,1000.0
P1119469-11,113453.0,10.0,633.0
P1119469-9,113453.0,8.549999999999999,545.0
P1119470-6,102166.0,11.96,1400.0
P1119984-1,31263.0,8.63,298.0
P1119985-1,129831.0,7.63,298.0
P1119986-1,129832.0,6.9,298.0
P1119987-1,129833.0,7.84,298.0
P1120220-2,9953.0,6.05,1023.0
P1120220-3,9953.0,16.97,1023.0
P1120220-4,9953.0,9.663333333333332,1023.0
P1120441-5,37559.0,12.61,298.0
P1120442-5,128870.0,12.72,298.0
P1120443-5,18436.0,12.850000000000001,298.0
P1120773-2,130326.0,18.0,298.0
P1120774-2,66783.0,18.3,298.0
P1120777-11,30875.0,22.0,298.0
P1120777-12,30875.0,6.5,298.0
P1120777-13,30875.0,20.0,298.0
P1120812-2,49665.0,12.6,298.0
P1120812-3,49665.0,12.1,298.0
P1120815-2,11526.0,10.8,298.0
P1120816-1,10200.0,10.5,298.0
P1120816-2,10200.0,10.299999999999999,298.0
P1120817-1,73586.0,11.8,298.0
P1120817-2,73586.0,11.5,298.0
P1120825-4,55535.0,19.5,298.0
P1120827-1,27291.0,20.599999999999998,298.0
P1120827-2,27291.0,17.7,298.0
P1120827-3,27291.0,20.0,298.0
P1120881-4,26458.0,10.0,298.0
P1120882-3,28285.0,15.9,298.0
P1120888-4,56153.0,16.2,298.0
P1120888-5,56153.0,22.099999999999998,298.0
P1120888-6,56153.0,19.700000000000003,298.0
P1120889-4,128903.0,13.4,298.0
P1120889-5,128903.0,26.599999999999998,298.0
P1120889-6,128903.0,19.2,298.0
P1121108-15,13145.0,13.8,1098.0
P1121108-16,13145.0,13.9,1098.0
P1121778-3,89368.0,8.24,298.0
P1121923-3,13577.0,13.299999999999999,298.0
P1121923-4,13577.0,7.6899999999999995,298.0
P1121923-5,13577.0,8.53,298.0
P1121923-6,13577.0,9.866666666666667,298.0
P1121979-1,37197.0,10.08,298.0
P1121980-1,37590.0,14.16,298.0
P1121990-1,17395.0,18.0,298.0
P1121990-2,17395.0,14.0,298.0
P1121990-3,17395.0,4.0,298.0
P1121991-1,94081.0,27.0,298.0
P1121991-2,94081.0,-2.0,298.0
P1122023-4,120167.0,9.74,298.0
P1122558-7,9968.0,30.0,298.0
P1122941-1,86803.0,15.2,298.0
P1122941-2,86803.0,19.9,298.0
P1122941-3,86803.0,19.5,298.0
P1122941-4,86803.0,13.9,298.0
P1123256-7,75947.0,16.799999999999997,298.0
P1123256-8,75947.0,0.644,298.0
P1123258-7,75945.0,13.4,298.0
P1123258-8,75945.0,3.05,298.0
P1123344-2,16104.0,11.600000000000001,298.0
P1123344-3,16104.0,13.7,298.0
P1123344-4,16104.0,10.5,298.0
P1123344-5,16104.0,10.200000000000001,298.0
P1123385-10,49882.0,16.799999999999997,298.0
P1123385-9,49882.0,0.8999999999999999,298.0
P1123568-2,69072.0,-2.4499999999999997,298.0
P1123568-3,69072.0,15.43,298.0
P1123568-4,69072.0,18.19,298.0
P1123570-2,26531.0,15.43,298.0
P1123570-3,26531.0,11.25,298.0
P1123570-4,26531.0,11.99,298.0
P1123570-5,26531.0,12.653333333333334,298.0
P1123613-4,56157.0,12.4,298.0
P1123614-4,138446.0,12.34,298.0
P1123615-4,129921.0,12.19,298.0
P1123898-2,107356.0,15.24,298.0
P1123900-2,107029.0,17.61,298.0
P1123903-2,66680.0,2.47,298.0
P1124264-1,27291.0,20.599999999999998,298.0
P1124264-2,27291.0,17.7,298.0
P1124264-3,27291.0,6.633333333333333,298.0
P1124265-1,51611.0,24.5,298.0
P1124265-2,51611.0,24.7,298.0
P1124265-3,51611.0,8.366666666666667,298.0
P1124266-1,71819.0,19.0,298.0
P1124266-2,71819.0,28.799999999999997,298.0
P1124314-4,27104.0,17.75,298.0
P1124315-4,49402.0,17.3,298.0
P1124474-6,71469.0,5.35,673.0
P1124514-1,16231.0,9.4,298.0
P1124580-5,34671.0,6.04,298.0
P1124581-6,37230.0,6.6499999999999995,298.0
P1124583-3,9782.0,11.5,1273.0
P1124584-3,74213.0,11.0,1273.0
P1124590-6,144753.0,17.25,396.0
P1124615-6,105928.0,14.3,298.0
P1124615-7,105928.0,18.7,298.0
P1124616-1,56157.0,12.700000000000001,298.0
P1124665-2,98612.0,76.5,298.0
P1124666-3,138923.0,79.2,298.0
P1124832-3,56153.0,7.1,298.0
P1124832-4,56153.0,21.8,298.0
P1124832-5,56153.0,13.7,298.0
P1124833-3,141605.0,12.2,298.0
P1124833-4,141605.0,31.8,298.0
P1124833-5,141605.0,24.2,298.0
P1125067-5,18436.0,15.549999999999999,298.0
P1125068-5,37559.0,15.431,298.0
P1125069-5,56157.0,15.176,298.0
P1125070-5,48945.0,15.571,298.0
P1125071-5,48943.0,15.486,298.0
P1125355-12,48033.0,11.9,298.0
P1125647-3,34278.0,10.35,298.0
P1125811-2,48954.0,8.719999999999999,298.0
P1125864-10,27465.0,14.0,298.0
P1125884-5,129451.0,12.799999999999999,298.0
P1125884-6,129451.0,20.8,298.0
P1125885-1,79511.0,17.0,298.0
P1125885-2,79511.0,41.0,983.0
P1126281-1,37114.0,9.07,298.0
P1126342-10,26847.0,5.466666666666666,298.0
P1126414-1,18989.0,11.0,298.0
P1126414-2,18989.0,10.9,298.0
P1126415-1,34278.0,11.2,298.0
P1126415-2,34278.0,10.370000000000001,298.0
P1126509-7,91965.0,13.0,973.0
P1126509-8,91965.0,12.6,973.0
P1126534-3,37591.0,13.6,298.0
P1127172-3,14051.0,-4.51,298.0
P1127172-4,14051.0,-2.32,298.0
P1127172-5,14051.0,-2.0999999999999996,298.0
P1127172-6,14051.0,-3.7199999999999998,298.0
P1127172-7,14051.0,-3.66,298.0
P1127172-8,14051.0,-2.9733333333333327,298.0
P1127173-2,139432.0,-7.34,298.0
P1127173-3,139432.0,30.0,298.0
P1127173-4,139432.0,28.900000000000002,298.0
P1127174-2,14051.0,-8.610000000000001,298.0
P1127174-3,14051.0,-6.79,298.0
P1127174-4,14051.0,-6.5200000000000005,298.0
P1127174-5,14051.0,-7.3,298.0
P1127506-8,33181.0,7.576666666666666,298.0
P1127515-2,17239.0,9.043333333333333,298.0
P1127758-2,107276.0,11.399999999999999,298.0
P1127759-4,107278.0,11.5,298.0
P1127759-5,107278.0,11.5,298.0
P1127805-4,32593.0,10.0,298.0
P1127805-5,32593.0,12.3,298.0
P1127806-1,38260.0,8.450000000000001,298.0
P1127806-2,38260.0,8.7,298.0
P1127806-3,38260.0,14.9,298.0
P1127807-3,33280.0,9.2,298.0
P1127807-4,33280.0,12.5,298.0
P1127923-2,67010.0,-6.63,298.0
P1127925-10,79094.0,5.699999999999999,298.0
P1127925-11,79094.0,5.0,298.0
P1127925-12,79094.0,7.6,298.0
P1127973-4,67001.0,6.4799999999999995,298.0
P1127974-4,67002.0,6.19,298.0
P1128013-4,56153.0,13.010000000000002,298.0
P1128013-5,56153.0,27.270000000000003,298.0
P1128013-6,56153.0,19.54,298.0
P1128029-3,97231.0,16.5,298.0
P1128029-4,97231.0,18.0,298.0
P1128034-5,48942.0,20.2,298.0
P1128034-6,48942.0,18.3,298.0
P1128034-7,48942.0,22.099999999999998,298.0
P1128036-1,56157.0,13.0,298.0
P1128042-3,104922.0,25.1,298.0
P1128153-8,139360.0,11.0,673.0
P1128154-8,139361.0,10.5,673.0
P1128214-4,100216.0,18.9,298.0
P1128214-5,100216.0,25.400000000000002,298.0
P1128214-6,100216.0,22.900000000000002,298.0
P1128334-4,66787.0,13.200000000000001,298.0
P1128334-5,66787.0,17.32,298.0
P1128334-6,66787.0,42.6,298.0
P1128334-7,66787.0,28.799999999999997,373.0
P1128334-8,66787.0,40.599999999999994,1273.0
P1128355-2,56153.0,20.37,298.0
P1128356-2,129628.0,21.45,298.0
P1128357-2,129630.0,22.310000000000002,298.0
P1128358-2,128496.0,27.74,298.0
P1128720-10,19327.0,8.0,900.0
P1128720-8,19327.0,10.0,900.0
P1128720-9,19327.0,12.1,900.0
P1128721-10,19328.0,8.7,900.0
P1128721-11,19328.0,10.4,900.0
P1128721-12,19328.0,7.6,900.0
P1128751-12,17742.0,12.700000000000001,298.0
P1128751-13,17742.0,9.3,298.0
P1128751-14,17742.0,9.9,298.0
P1128751-15,17742.0,9.2,298.0
P1128947-6,13143.0,13.1,980.0
P1128947-7,13143.0,23.3,980.0
P1128947-8,13143.0,6.5,980.0
P1128947-9,13143.0,4.8,980.0
P1128948-10,13147.0,21.900000000000002,298.0
P1128948-11,13147.0,8.1,298.0
P1128948-12,13147.0,4.433333333333333,298.0
P1128948-9,13147.0,9.799999999999999,298.0
P1128949-7,77138.0,9.4,298.0
P1128949-8,77138.0,21.6,298.0
P1128949-9,77138.0,7.4,298.0
P1128957-1,100147.0,16.4,298.0
P1128969-6,53158.0,14.2,298.0
P1128969-7,53158.0,18.9,298.0
P1129022-1,50392.0,8.1,298.0
P1129022-2,50392.0,8.1,298.0
P1129035-2,46799.0,14.5,298.0
P1129036-2,35327.0,11.120000000000001,298.0
P1129036-3,35327.0,12.850000000000001,298.0
P1129143-10,65117.0,23.65,0.0
P1129143-11,65117.0,6.9399999999999995,0.0
P1129143-12,65117.0,7.130000000000001,0.0
P1129143-13,65117.0,9.57,0.0
P1129589-2,17679.0,9.27,298.0
P1129617-1,15545.0,9.6,473.0
P1129618-1,12354.0,10.75,473.0
P1129689-1,14013.0,1.7,298.0
P1129689-2,14013.0,-1.1,298.0
P1129689-3,14013.0,7.0,298.0
P1129689-4,14013.0,0.8666666666666667,298.0
P1129690-1,14774.0,1.0,298.0
P1129690-2,14774.0,-1.5999999999999999,298.0
P1129690-3,14774.0,9.2,298.0
P1129690-4,14774.0,0.9666666666666667,298.0
P1129697-2,68095.0,8.2,673.0
P1129697-3,68095.0,10.12,673.0
P1129697-4,68095.0,5.0200000000000005,673.0
P1129697-5,68095.0,9.52,673.0
P1129698-2,73955.0,8.2,673.0
P1129698-3,73955.0,10.17,673.0
P1129698-4,73955.0,4.7,673.0
P1129698-5,73955.0,9.67,673.0
P1130012-9,48945.0,12.61,298.0
P1130013-9,56157.0,11.18,298.0
P1130014-9,37559.0,13.28,298.0
P1130120-3,100406.0,9.45,298.0
P1130231-10,79314.0,10.5,298.0
P1200449-2,34305.0,12.0,298.0
P1200765-2,17957.0,-5.0,179.0
P1200765-3,17957.0,-2.0,150.0
P1200765-4,17957.0,7.0,250.0
P1201271-4,18989.0,32.3,1150.0
P1201272-3,12450.0,29.8,647.5
P1201273-4,48718.0,27.2,1100.0
P1201274-4,84615.0,26.400000000000002,1300.0
P1201275-4,15571.0,24.3,1800.0
P1202595-1,11546.0,9.3,200.0
P1202595-2,11546.0,1.1,20.0
P1202596-1,11536.0,9.3,200.0
P1202596-2,11536.0,0.09999999999999999,20.0
P1202598-2,9490.0,8.2,200.0
P1202598-3,9490.0,0.7999999999999999,20.0
P1202599-2,13595.0,4.5,200.0
P1202599-3,13595.0,-0.19999999999999998,20.0
P1202599-4,13595.0,-1.2,60.0
P1204912-1,102743.0,5.9,298.0
P1204912-2,102743.0,10.0,298.0
P1204912-3,102743.0,33.1,298.0
P1211295-10,45598.0,17.0,1253.0
P1211295-11,45598.0,13.299999999999999,1253.0
P1211295-12,45598.0,21.0,1253.0
P1211295-4,45598.0,10.200000000000001,586.5
P1211295-5,45598.0,8.3,586.5
P1211295-6,45598.0,14.3,586.5
P1211295-7,45598.0,11.1,713.0
P1211295-8,45598.0,8.3,713.0
P1211295-9,45598.0,15.0,713.0
P1211540-3,14861.0,9.876666666666665,873.0
P1211541-4,14861.0,17.516666666666666,1603.0
P1211695-2,38439.0,9.73,723.0
P1300330-6,13996.0,13.0,218.0
P1300330-7,13996.0,-29.0,218.0
P1300330-8,13996.0,-1.6666666666666667,218.0
P1300544-10,26506.0,11.5,298.0
P1300544-11,26506.0,6.6000000000000005,100.0
P1300544-8,26506.0,5.4,100.0
P1300544-9,26506.0,5.0,100.0
P1301574-3,27907.0,8.0,610.0
P1301574-4,27907.0,11.0,610.0
P1301977-10,48896.0,7.700000000000001,175.5
P1301977-11,48896.0,21.3,210.0
P1301977-12,48896.0,6.2,236.0
P1301977-13,48896.0,20.7,268.5
P1301977-2,48896.0,0.5,113.5
P1301977-3,48896.0,10.9,143.0
P1301977-4,48896.0,1.3,175.5
P1301977-5,48896.0,6.9,210.0
P1301977-6,48896.0,2.7,236.0
P1301977-7,48896.0,9.0,268.5
P1301977-8,48896.0,19.2,143.0
P1301977-9,48896.0,7.700000000000001,113.5
P1302207-16,10188.0,20.400000000000002,298.0
P1302207-17,10188.0,-5.6,298.0
P1302212-2,15498.0,25.5,298.0
P1302212-3,15498.0,-9.5,298.0
P1302214-3,15305.0,15.0,298.0
P1302214-4,15305.0,-4.4,298.0
P1302618-13,33762.0,10.200000000000001,298.0
P1302618-14,33762.0,1.7123333333333333,0.0
P1303057-4,26506.0,10.0,298.0
P1303853-7,50392.0,10.309999999999999,298.0
P1303965-8,33835.0,0.09999999999999999,4.2
P1303965-9,33835.0,4.8999999999999995,69.5
P1304939-5,27041.0,14.110000000000001,250.0
P1304939-6,27041.0,8.96,100.0
P1305044-5,32672.0,11.0,300.0
P1305044-6,32672.0,0.0,242.0
P1305044-7,32672.0,1.7,138.0
P1305044-8,32672.0,15.400000000000002,298.0
P1305045-4,34662.0,12.0,300.0
P1305045-5,34662.0,1.7999999999999998,80.0
P1305045-6,34662.0,8.2,240.0
P1305609-5,13994.0,15.0,300.0
P1305609-6,13994.0,22.0,300.0
P1305852-2,26506.0,0.067,10.0
P1305852-3,26506.0,0.026000000000000002,7.0
P1305860-2,26506.0,9.62,200.0
P1305860-3,26506.0,-0.0029,3.0
P1305861-1,26824.0,9.06,205.0
P1305861-2,26824.0,-0.0015,3.0
P1305949-5,26506.0,1.4,100.0
P1305949-6,26506.0,0.8999999999999999,80.0
P1305949-7,26506.0,5.5,100.0
P1305949-8,26506.0,3.4,80.0
P1306249-7,26984.0,5.71,90.0
P1306249-8,26984.0,11.9,260.0
P1306340-2,47339.0,26.52,298.0
P1306340-3,47339.0,15.24,298.0
P1306551-3,26506.0,14.0,298.0
P1306551-4,26506.0,9.0,298.0
P1306551-5,26506.0,11.0,298.0
P1306778-4,35243.0,5.2,100.0
P1306778-5,35243.0,17.5,182.0
P1306779-4,34305.0,10.5,225.0
P1306779-5,34305.0,9.3,250.0
P1306780-10,35243.0,12.0,100.0
P1306780-11,35243.0,13.0,193.0
P1306780-12,35243.0,-31.0,193.0
P1306780-13,35243.0,6.0,193.0
P1306780-5,35243.0,17.0,150.0
P1306780-6,35243.0,12.0,100.0
P1306780-7,35243.0,-11.0,100.0
P1306780-8,35243.0,-17.0,150.0
P1306780-9,35243.0,17.0,150.0
P1306781-10,34305.0,15.0,250.0
P1306781-11,34305.0,13.0,193.0
P1306781-12,34305.0,-31.0,193.0
P1306781-13,34305.0,6.0,193.0
P1306781-5,34305.0,8.0,225.0
P1306781-6,34305.0,9.0,250.0
P1306781-7,34305.0,7.0,225.0
P1306781-8,34305.0,8.0,250.0
P1306781-9,34305.0,14.0,225.0
P1307365-3,91377.0,12.0,486.5
P1307365-4,91377.0,19.0,873.0
P1307366-3,51630.0,12.0,486.5
P1307366-4,51630.0,19.0,873.0
P1307367-1,91382.0,12.0,486.5
P1307367-2,91382.0,19.0,873.0
P1307368-3,91379.0,12.0,486.5
P1307368-4,91379.0,19.0,873.0
P1307369-3,91378.0,12.0,486.5
P1307369-4,91378.0,19.0,873.0
P1307370-4,91383.0,12.0,298.0
P1307371-4,91380.0,12.0,298.0
P1307372-3,91385.0,12.0,298.0
P1307372-4,91385.0,19.0,1073.0
P1307373-1,91387.0,12.0,298.0
P1307374-1,91384.0,12.0,298.0
P1307375-1,91386.0,12.0,298.0
P1307378-6,170350.0,19.0,1073.0
P1307745-2,16103.0,0.9666666666666667,298.0
P1307747-1,53160.0,3.2333333333333334,298.0
P1307953-10,35063.0,12.6,1115.0
P1307953-9,35063.0,16.7,610.0
P1307954-3,107928.0,18.099999999999998,973.0
P1307955-3,130445.0,21.3,973.0
P1307956-3,128280.0,21.6,973.0
P1307957-3,130326.0,19.599999999999998,973.0
P1308011-9,97615.0,9.04,775.0
P1308072-7,100055.0,11.58,573.0
P1308072-8,100055.0,16.990000000000002,1023.0
P1308458-10,75159.0,10.0,295.0
P1308458-11,75159.0,0.19999999999999998,50.0
P1308458-12,75159.0,29.4,295.0
P1308458-13,75159.0,8.600000000000001,50.0
P1308593-19,10682.0,1.5666666666666664,200.0
P1308593-20,10682.0,0.8999999999999999,200.0
P1308593-21,10682.0,0.7666666666666666,200.0
P1308662-10,37548.0,-5.19,687.5
P1308663-2,37548.0,-8.790000000000001,950.0
P1308664-2,77566.0,-8.96,962.5
P1308665-7,28306.0,-6.34,700.0
P1308666-10,70987.0,-6.8,687.5
P1308667-2,88483.0,-10.72,687.5
P1308668-2,88489.0,-10.93,687.5
P1308669-7,130388.0,-8.02,687.5
P1309309-8,95569.0,12.5,293.15
P1309309-9,95569.0,12.5,533.0
P1309310-3,95569.0,12.5,572.15
P1309310-4,95569.0,12.5,533.0
P1310154-30,96834.0,42.0,298.0
P1310166-13,32480.0,7.0,300.0
P1310166-14,32480.0,39.0,800.0
P1310167-4,83037.0,39.0,800.0
P1310167-5,83037.0,32.0,900.0
P1310169-10,13364.0,27.0,535.0
P1310169-11,13364.0,24.0,70.0
P1310704-1,27831.0,20.0,298.0
P1310855-1,127789.0,11.770000000000001,985.5
P1310855-2,127789.0,11.37,785.5
P1310973-2,16087.0,15.7,298.0
P1310974-2,16086.0,20.1,1333.0
P1311127-7,35382.0,12.4,650.0
P1311127-8,35382.0,23.7,1130.0
P1311505-4,48942.0,13.0,788.0
P1311506-4,56929.0,18.0,788.0
P1312068-2,4621.0,9.2,298.0
P1312096-2,32993.0,13.299999999999999,212.0
P1312096-3,32993.0,8.5,260.0
P1312096-4,32993.0,6.333333333333333,212.0
P1312096-5,32993.0,4.0,298.0
P1312105-4,123139.0,14.1,114.0
P1312105-5,123139.0,13.299999999999999,212.0
P1312107-2,32993.0,14.1,114.0
P1312107-3,32993.0,5.800000000000001,50.0
P1312107-4,32993.0,7.333333333333333,114.0
P1312107-5,32993.0,2.6666666666666665,50.0
P1312344-10,59058.0,-0.8999999999999999,150.0
P1312344-9,59058.0,1.1,150.0
P1313116-1,18987.0,9.1,650.0
P1313116-2,18987.0,9.4,650.0
P1313116-3,18987.0,9.333333333333332,650.0
P1313848-2,14097.0,-2.4,250.0
P1313848-3,14097.0,-10.4,75.0
P1314514-4,68767.0,11.68,735.5
P1314515-4,37197.0,10.08,735.5
P1314516-4,35377.0,21.54,735.5
P1314517-1,56157.0,11.68,735.5
P1314518-1,37559.0,11.53,735.5
P1314780-6,14652.0,36.8,298.0
P1314780-7,14652.0,32.5,298.0
P1314782-4,9968.0,31.6,298.0
P1316660-1,62535.0,20.8,835.5
P1316715-4,34419.0,9.17,973.0
P1316715-5,34419.0,6.19,298.0
P1317096-9,13995.0,13.290000000000001,298.0
P1317248-1,26331.0,8.66,373.0
P1317305-6,37197.0,11.600000000000001,1273.0
P1317306-6,59263.0,11.08,1273.0
P1317315-1,99348.0,-1.5999999999999999,583.0
P1317315-2,99348.0,5.5,583.0
P1317315-3,99348.0,-11.1,583.0
P1317315-4,99348.0,0.7,583.0
P1317356-6,136214.0,12.690000000000001,586.5
P1317356-7,136214.0,12.979999999999999,686.5
P1317441-2,110020.0,11.0,785.5
P1317441-3,110020.0,9.0,785.5
P1317441-4,110020.0,10.200000000000001,785.5
P1317442-3,110020.0,11.0,785.5
P1317442-4,110020.0,9.0,785.5
P1317442-5,110020.0,10.200000000000001,785.5
P1317583-8,12924.0,10.0,298.0
P1317583-9,12924.0,12.2,298.0
P1317585-7,66727.0,4.1,298.0
P1317585-8,66727.0,7.1,298.0
P1317653-10,129473.0,11.9,788.0
P1317653-9,129473.0,11.610000000000001,688.0
P1317654-10,56157.0,12.73,788.0
P1317654-9,56157.0,12.25,688.0
P1317764-1,62669.0,12.4,785.5
P1317924-2,94093.0,14.600000000000001,625.0
P1317924-3,94093.0,14.9,395.0
P1317924-4,94093.0,14.2,500.0
P1317925-3,94094.0,14.600000000000001,625.0
P1317925-4,94094.0,21.0,840.0
P1317925-5,94094.0,19.1,845.0
P1317926-2,48393.0,21.0,840.0
P1317926-3,48393.0,19.1,845.0
P1317928-2,77247.0,15.1,680.0
P1317928-3,77247.0,15.6,420.0
P1317928-4,77247.0,15.400000000000002,500.0
P1317929-3,106509.0,15.1,680.0
P1317929-4,106509.0,16.099999999999998,770.0
P1317929-5,106509.0,15.400000000000002,500.0
P1317930-2,77246.0,21.4,855.0
P1317930-3,77246.0,19.599999999999998,870.0
P1317965-2,32879.0,10.12,685.5
P1317966-2,57942.0,12.68,685.5
P1317967-2,104190.0,8.53,298.0
P1317967-3,104190.0,6.7,298.0
P1317967-4,104190.0,8.27,298.0
P1317967-5,104190.0,23.689999999999998,1073.0
P1317967-6,104190.0,14.260000000000002,1073.0
P1317967-7,104190.0,15.88,1073.0
P1317969-1,107173.0,8.69,298.0
P1317969-2,107173.0,6.9,298.0
P1317969-3,107173.0,9.42,298.0
P1317969-4,107173.0,14.52,1073.0
P1317969-5,107173.0,16.67,1073.0
P1317969-6,107173.0,14.57,1073.0
P1317973-2,107731.0,8.389999999999999,298.0
P1317973-3,107731.0,7.64,298.0
P1317973-4,107731.0,6.56,298.0
P1317973-5,107731.0,30.0,1073.0
P1317973-6,107731.0,16.209999999999997,1073.0
P1317973-7,107731.0,14.14,1073.0
P1317975-2,107882.0,23.4,298.0
P1317975-3,107882.0,9.690000000000001,298.0
P1317975-4,107882.0,6.0,298.0
P1317975-5,107882.0,54.21,1073.0
P1317975-6,107882.0,18.8,1073.0
P1317975-7,107882.0,19.59,1073.0
P1318041-1,61846.0,9.93,735.5
P1318041-2,61846.0,9.27,735.5
P1318042-1,110338.0,9.04,735.5
P1318042-2,110338.0,8.81,735.5
P1318045-2,35443.0,9.41,298.0
P1318045-3,35443.0,14.229999999999999,1173.0
P1318061-1,14038.0,10.8,935.5
P1318106-1,26641.0,4.33,785.5
P1318106-2,26641.0,1.9400000000000002,785.5
P1318106-3,26641.0,4.5,785.5
P1318106-4,26641.0,12.969999999999999,1273.0
P1318106-5,26641.0,3.25,1273.0
P1318106-6,26641.0,6.87,1273.0
P1318106-7,26641.0,3.5966666666666667,785.5
P1318106-8,26641.0,7.659999999999999,1273.0
P1318455-15,59582.0,1.56,28.0
P1318455-16,59582.0,1.55,24.0
P1318843-4,6479.0,22.4,298.0
P1318845-3,13994.0,20.8,152.5
P1318845-4,13994.0,8.3,152.5
P1318874-3,18858.0,5.46,899.0
P1318874-4,18858.0,6.1,899.0
P1318874-5,18858.0,4.233333333333333,498.0
P1318874-6,18858.0,5.316666666666666,1495.0
P1318945-20,37067.0,115.01,735.5
P1318945-21,37067.0,77.11999999999999,735.5
P1319020-4,96221.0,5.82,532.5
P1319020-5,96221.0,5.54,532.5
P1319020-6,96221.0,7.64,532.5
P1319140-20,12667.0,3.5,298.0
P1319140-21,12667.0,2.7,298.0
P1319660-2,17679.0,9.290000000000001,685.5
P1319662-2,59093.0,8.65,685.5
P1320162-7,74252.0,5.2,200.0
P1320163-9,18914.0,11.7,400.0
P1320164-3,26788.0,14.0,530.0
P1320165-6,95249.0,14.0,600.0
P1320166-7,26788.0,21.0,700.0
P1320167-3,77388.0,23.0,770.0
P1320582-8,92130.0,8.0,250.0
P1320582-9,92130.0,39.0,282.0
P1320583-5,58867.0,6.0,320.0
P1320583-6,58867.0,-3.0,304.0
P1320617-1,27330.0,2.7766666666666664,1600.0
P1320617-2,27330.0,2.893333333333333,1600.0
P1320617-3,27330.0,1.8299999999999998,320.0
P1320617-4,27330.0,1.9799999999999998,320.0
P1320618-1,46262.0,2.8833333333333333,1600.0
P1320618-2,46262.0,2.9466666666666663,1600.0
P1320618-3,46262.0,2.05,320.0
P1320618-4,46262.0,2.163333333333333,320.0
P1320619-1,46265.0,2.8366666666666664,1600.0
P1320619-2,46265.0,2.93,1600.0
P1320619-3,46265.0,2.063333333333333,320.0
P1320619-4,46265.0,2.19,320.0
P1320620-1,46263.0,2.9066666666666663,1600.0
P1320620-2,46263.0,2.9699999999999998,1600.0
P1320620-3,46263.0,2.3466666666666667,320.0
P1320620-4,46263.0,2.4,320.0
P1320621-1,31761.0,3.0033333333333334,1600.0
P1320621-2,31761.0,3.07,1600.0
P1320621-3,31761.0,2.493333333333333,320.0
P1320621-4,31761.0,2.58,320.0
P1320641-3,37999.0,-2.7666666666666666,436.5
P1320641-4,37999.0,-13.533333333333331,586.5
P1320641-5,37999.0,-23.33333333333333,723.0
P1320767-12,109601.0,10.530000000000001,873.0
P1320768-17,109598.0,10.69,873.0
P1320818-10,16378.0,4.266666666666667,298.0
P1320818-3,16378.0,2.0999999999999996,298.0
P1320818-4,16378.0,7.1,298.0
P1320818-5,16378.0,3.9,298.0
P1320818-6,16378.0,-1.0,160.0
P1320818-7,16378.0,-0.09999999999999999,100.0
P1320818-8,16378.0,-1.7,100.0
P1320818-9,16378.0,-0.5,100.0
P1320872-5,109626.0,4.9799999999999995,610.5
P1320872-6,109626.0,5.98,610.5
P1320874-2,27302.0,3.22,585.5
P1320874-3,27302.0,13.0,585.5
P1320874-4,27302.0,14.2,585.5
P1320874-5,27302.0,7.333333333333333,585.5
P1320943-10,33181.0,8.2,436.5
P1320944-12,17239.0,11.399999999999999,1023.0
P1421608-3,66660.0,4.1,298.0
P1421608-4,66660.0,3.8,298.0
P1421608-5,66660.0,4.199999999999999,298.0
P1421870-5,12253.0,10.0,298.0
P1422820-6,95569.0,1.4,563.0
P1424275-2,57856.0,15.05,250.0
P1424277-2,99836.0,16.0,250.0
P1424622-2,34909.0,5.0,298.0
P1424622-3,34909.0,4.5,10.0
P1510075-3,34305.0,11.9,300.0
P1510330-3,35258.0,2.0999999999999996,298.0
P1510330-4,35258.0,2.333333333333333,298.0
P1510694-4,50133.0,1.8666666666666665,298.0
P1510694-5,50133.0,5.2333333333333325,298.0
P1510695-4,32442.0,4.566666666666666,298.0
P1510695-5,32442.0,7.666666666666666,298.0
P1510697-3,32428.0,5.433333333333333,298.0
P1510697-4,32428.0,9.566666666666666,298.0
P1510984-1,18989.0,4.0,110.0
P1510984-2,18989.0,-2.0,110.0
P1510984-3,18989.0,2.0,110.0
P1510984-4,18989.0,6.0,298.0
P1510985-1,27623.0,-4.0,80.0
P1510985-2,27623.0,2.5,90.0
P1510985-3,27623.0,6.0,90.0
P1510985-4,27623.0,9.0,298.0
P1511361-15,32672.0,7.833333333333332,298.0
P1512067-3,26506.0,12.0,300.0
P1512067-4,26506.0,4.75,80.0
P1512068-3,34269.0,12.0,300.0
P1512068-4,34269.0,5.05,80.0
P1512069-1,35252.0,13.0,300.0
P1512069-2,35252.0,6.5,80.0
P1512073-4,27289.0,8.3,230.0
P1512073-5,27289.0,9.1,730.0
P1512073-6,27289.0,18.9,500.0
P1512203-3,13668.0,5.5,165.0
P1512203-4,13668.0,9.5,377.5
P1513635-5,45480.0,12.700000000000001,298.0
P1513635-6,45480.0,17.7,298.0
P1513635-7,45480.0,-10.5,298.0
P1513636-5,64395.0,11.9,298.0
P1513636-6,64395.0,16.099999999999998,298.0
P1513636-7,64395.0,-9.700000000000001,298.0
P1514204-3,13668.0,9.5,298.0
P1514205-2,32672.0,9.0,298.0
P1514206-3,26310.0,7.5,298.0
P1514207-3,17743.0,7.5,298.0
P1514208-3,17686.0,8.0,298.0
P1514209-2,11746.0,9.0,298.0
P1514611-6,26984.0,12.2,298.0
P1514611-7,26984.0,11.2,298.0
P1514611-8,26984.0,16.4,298.0
P1514611-9,26984.0,13.266666666666666,298.0
P1514690-2,8713.0,5.95,300.1
P1515180-2,34305.0,12.0,260.0
P1515181-2,35243.0,7.0,260.0
P1515182-2,49699.0,12.0,260.0
P1515183-2,74605.0,7.0,260.0
P1520167-3,79626.0,16.4,298.0
P1520172-3,56157.0,8.600000000000001,298.0
P1520204-2,13364.0,29.6,293.0
P1520204-3,13364.0,18.099999999999998,293.0
P1520204-4,13364.0,22.333333333333332,293.0
P1520205-2,48692.0,25.400000000000002,293.0
P1520205-3,48692.0,16.900000000000002,293.0
P1520205-4,48692.0,20.099999999999998,293.0
P1520206-3,48693.0,9.5,293.0
P1520206-4,48693.0,4.0,293.0
P1520206-5,48693.0,12.0,293.0
P1520206-6,48693.0,9.333333333333332,298.0
P1520207-3,33181.0,9.799999999999999,293.0
P1520207-4,33181.0,7.6,293.0
P1520207-5,33181.0,5.699999999999999,293.0
P1520207-6,33181.0,7.666666666666666,298.0
P1520208-3,17239.0,4.66,600.0
P1520208-4,17239.0,7.3,600.0
P1520209-3,48692.0,15.9,500.0
P1520209-4,48692.0,8.06,500.0
P1520209-5,48692.0,10.766666666666666,500.0
P1520221-2,51860.0,12.9,298.0
P1520221-3,51860.0,15.8,298.0
P1520221-4,51860.0,-6.5,298.0
P1520221-5,51860.0,7.8,298.0
P1520222-3,62777.0,12.0,298.0
P1520222-4,62777.0,30.599999999999998,298.0
P1520222-5,62777.0,-15.2,298.0
P1520371-2,37591.0,17.3,298.0
P1520372-4,37593.0,11.3,298.0
P1520372-5,37593.0,17.4,298.0
P1520373-3,37592.0,7.5,298.0
P1520374-4,37593.0,16.5,298.0
P1521377-5,13952.0,1.1666666666666665,36.0
P1522022-5,56157.0,12.62,298.0
P1522023-5,139340.0,13.05,298.0
P1522242-4,11546.0,11.8,298.0
P1522242-5,11546.0,11.9,298.0
P1522242-6,11546.0,13.0,298.0
P1522242-7,11546.0,9.5,298.0
P1522243-4,11536.0,12.6,298.0
P1522243-5,11536.0,13.0,298.0
P1522243-6,11536.0,12.5,298.0
P1522243-7,11536.0,14.0,298.0
P1522244-4,13595.0,12.6,298.0
P1522244-5,13595.0,12.9,298.0
P1522244-6,13595.0,11.5,298.0
P1522244-7,13595.0,15.9,298.0
P1522355-1,13167.0,15.7,298.0
P1522355-2,13167.0,7.9,298.0
P1522355-3,13167.0,14.7,298.0
P1522355-4,13167.0,13.333333333333334,298.0
P1522915-2,7151.0,54.96,298.0
P1522915-3,7151.0,12.34,298.0
P1522959-4,14097.0,-4.0,300.0
P1523047-1,15483.0,2.06,298.0
P1523162-1,13801.0,16.39,298.0
P1523162-2,13801.0,5.2299999999999995,298.0
P1523162-3,13801.0,8.65,298.0
P1523164-1,100836.0,13.28,298.0
P1523164-2,100836.0,9.35,298.0
P1523164-3,100836.0,3.02,298.0
P1523164-4,100836.0,2.68,298.0
P1523184-4,100096.0,17.200000000000003,298.0
P1523409-4,9953.0,11.33,1173.0
P1523410-4,37197.0,12.629999999999999,1173.0
P1523554-1,126452.0,9.3,298.0
P1523562-2,10826.0,4.8,298.0
P1523563-2,68156.0,7.199999999999999,298.0
P1523731-5,69856.0,17.8,300.0
P1523731-6,69856.0,16.05,300.0
P1523731-7,69856.0,16.799999999999997,300.0
P1523732-2,69856.0,18.5,400.0
P1523941-1,58621.0,6.0,300.0
P1523941-2,58621.0,15.9,300.0
P1523942-1,63656.0,-0.19999999999999998,300.0
P1523942-2,63656.0,22.5,300.0
P1524093-3,19425.0,8.620000000000001,298.0
P1524093-4,19425.0,16.08,298.0
P1524093-5,19425.0,11.166666666666666,298.0
P1524094-3,12924.0,10.74,298.0
P1524094-4,12924.0,16.290000000000003,298.0
P1524094-5,12924.0,12.719999999999999,298.0
P1524095-3,13703.0,10.8,298.0
P1524095-4,13703.0,18.34,298.0
P1524095-5,13703.0,13.486666666666666,298.0
P1524114-3,46469.0,11.09,298.0
P1524115-1,10200.0,10.802999999999999,298.0
P1524130-2,9013.0,8.34,300.0
P1524130-3,9013.0,11.600000000000001,300.0
P1524130-4,9013.0,9.4,300.0
P1524131-2,60109.0,2.05,300.0
P1524131-3,60109.0,10.8,300.0
P1524133-2,15284.0,11.3,300.0
P1524133-3,15284.0,9.37,300.0
P1524133-4,15284.0,4.68,300.0
P1524133-5,15284.0,8.466666666666667,300.0
P1600224-4,13606.0,5.0,298.0
P1600224-5,13606.0,3.5999999999999996,445.0
P1601811-1,7282.0,2.4,300.0
P1601811-2,7282.0,4.300000000000001,300.0
P1700243-1,10607.0,13.31,305.0
P1700243-2,10607.0,13.5,376.0
P1700243-3,10607.0,13.65,440.0
P1700243-4,10607.0,13.94,529.0
P1700243-5,10607.0,14.229999999999999,625.0
P1700243-6,10607.0,14.53,718.0
P1700243-7,10607.0,14.85,814.0
P1700243-8,10607.0,15.2,911.0
P1700243-9,10607.0,15.540000000000001,1005.0
P1701714-1,6597.0,11.5,298.0
P1702936-4,5342.0,14.0,280.0
P1702936-5,5342.0,14.0,200.0
P1703292-4,7128.0,3.7999999999999994,130.0
P1703292-5,7128.0,8.6,200.0
P1703292-6,7128.0,14.433333333333334,226.0
P1703292-7,7128.0,14.633333333333333,300.0
P1706098-7,6597.0,7.433333333333333,300.0
P1707466-3,6479.0,15.0,300.0
P1707466-4,6479.0,24.0,300.0
P1707467-2,33969.0,6.0,300.0
P1707467-3,33969.0,24.0,300.0
P1707467-4,33969.0,12.0,300.0
P1707515-3,7183.0,2.5,373.0
P1707515-4,7183.0,9.35,373.0
P1707516-2,7583.0,4.300000000000001,1173.0
P1707516-3,7583.0,24.5,1173.0
P1708111-4,13605.0,3.7999999999999994,298.0
P1708671-1,13606.0,5.22,373.0
P1708671-2,13606.0,26.93,373.0
P1708770-1,8411.0,-0.004,2.0
P1708770-10,8411.0,3.7,50.0
P1708770-11,8411.0,5.12,100.0
P1708770-12,8411.0,5.55,283.0
P1708770-13,8411.0,-0.0006666666666666666,2.0
P1708770-14,8411.0,0.009,8.0
P1708770-15,8411.0,0.7766666666666666,20.0
P1708770-16,8411.0,4.266666666666667,50.0
P1708770-17,8411.0,8.306666666666665,100.0
P1708770-18,8411.0,13.85,283.0
P1708770-2,8411.0,-0.019000000000000003,8.0
P1708770-3,8411.0,0.745,20.0
P1708770-4,8411.0,4.55,50.0
P1708770-5,8411.0,9.9,100.0
P1708770-6,8411.0,0.018,283.0
P1708770-7,8411.0,0.006,2.0
P1708770-8,8411.0,0.0655,8.0
P1708770-9,8411.0,0.834,20.0
P1710111-21,10868.0,15.2,293.0
P1710111-22,10868.0,8.600000000000001,293.0
P1710111-23,10868.0,19.400000000000002,293.0
P1710115-27,33876.0,7.4,298.0
P1710115-28,33876.0,0.09999999999999999,298.0
P1710115-29,33876.0,8.9,298.0
P1710116-22,55495.0,13.299999999999999,298.0
P1710116-23,55495.0,-10.9,298.0
P1710116-24,55495.0,18.2,298.0
P1710118-1,88701.0,16.326,173.0
P1710118-2,88701.0,11.485,298.0
P1710118-3,88701.0,24.944,1203.0
P1710118-4,88701.0,13.741,1203.0
P1710249-6,46787.0,7.0,298.0
P1710250-7,48952.0,14.1,298.0
P1710250-8,48952.0,-5.5,298.0
P1710353-1,94006.0,4.909999999999999,300.0
P1710353-2,94006.0,5.46,673.0
P1711899-3,27722.0,6.17,298.0
P1711899-4,27722.0,4.05,298.0
P1712061-3,57971.0,16.0,298.0
P1712061-4,57971.0,27.8,298.0
P1712100-2,95425.0,15.36,505.5
P1712100-3,95425.0,8.53,505.5
P1712100-4,95425.0,22.96,505.5
P1712101-2,104958.0,10.299999999999999,1048.0
P1712101-3,104958.0,10.299999999999999,1048.0
P1712101-4,104958.0,11.33,1048.0
P1712394-3,48943.0,15.0,298.0
P1712757-4,55535.0,20.0,298.0
P1712758-4,35377.0,19.700000000000003,298.0
P1712759-3,55538.0,15.400000000000002,298.0
P1712760-3,64668.0,12.6,298.0
P1712761-3,35382.0,12.6,298.0
P1712793-3,35349.0,11.0,298.0
P1712795-3,9953.0,11.8,298.0
P1712796-3,37197.0,10.9,298.0
P1712798-3,33962.0,11.0,298.0
P1712799-3,12274.0,10.0,298.0
P1712802-3,71686.0,8.0,298.0
P1712803-3,19520.0,8.0,298.0
P1712804-3,33966.0,5.4,298.0
P1712805-3,28306.0,3.3000000000000003,298.0
P1712806-10,33836.0,19.400000000000002,295.0
P1712806-11,33836.0,14.366666666666665,295.0
P1712806-12,33836.0,15.799999999999999,295.0
P1712806-5,33836.0,12.5,295.0
P1712806-6,33836.0,12.4,295.0
P1712806-7,33836.0,18.2,295.0
P1712806-8,33836.0,14.3,295.0
P1712806-9,33836.0,13.7,295.0
P1713132-1,34940.0,11.1,298.0
P1713132-2,34940.0,6.0,298.0
P1713132-3,34940.0,10.6,298.0
P1713132-4,34940.0,8.5,298.0
P1713134-2,9769.0,13.6,298.0
P1713135-1,26824.0,8.5,298.0
P1713135-2,26824.0,20.8,298.0
P1713136-1,27058.0,11.3,298.0
P1713136-2,27058.0,17.0,298.0
P1713142-2,6123.0,9.36,293.0
P1713142-3,6123.0,10.76,1200.0
P1713143-2,21291.0,8.780000000000001,293.0
P1713143-3,21291.0,10.8,1200.0
P1713154-2,26419.0,17.0,763.0
P1713155-2,18862.0,8.0,823.0
P1713577-2,37557.0,11.9,473.0
P1713578-1,37559.0,9.11,473.0
P1713704-2,27104.0,20.0,298.0
P1713827-1,18996.0,9.0,298.0
P1713877-4,68045.0,15.5,298.0
P1713877-5,68045.0,11.9,298.0
P1713878-4,56149.0,15.0,298.0
P1713878-5,56149.0,12.0,298.0
P1713879-4,26400.0,14.0,298.0
P1713879-5,26400.0,12.2,298.0
P1713880-4,13049.0,13.5,298.0
P1713880-5,13049.0,12.5,298.0
P1713881-4,56150.0,12.0,298.0
P1713881-5,56150.0,12.5,298.0
P1713882-4,10830.0,13.0,298.0
P1713882-5,10830.0,14.9,298.0
P1713883-4,91356.0,11.1,298.0
P1713883-5,91356.0,13.6,298.0
P1713884-4,125548.0,11.1,298.0
P1713884-5,125548.0,12.5,298.0
P1713885-3,68041.0,23.5,298.0
P1713887-2,13049.0,22.0,298.0
P1713888-2,56150.0,20.7,298.0
P1800044-1,10741.0,15.5,2273.0
P1800044-2,10741.0,7.0600000000000005,323.0
P1800057-1,12936.0,0.7,400.0
P1800127-2,13167.0,13.333333333333334,298.0
P1800207-1,7282.0,6.3999999999999995,293.0
P1800207-2,7282.0,4.300000000000001,293.0
P1800510-1,5343.0,10.4,483.0
P1800510-2,5343.0,18.6,823.0
P1800510-3,5343.0,11.1,1173.0
P1800516-3,5343.0,43.0,589.0
P1801005-6,26763.0,4.7,343.0
P1801006-3,12954.0,12.5,473.0
P1801027-1,7128.0,11.0,298.0
P1810327-10,100748.0,-31.0,748.0
P1810327-7,100748.0,8.3,598.0
P1810327-8,100748.0,0.298,598.0
P1810327-9,100748.0,8.3,748.0
P1810328-2,100748.0,60.0,870.5
P1810328-3,100748.0,-7.15,870.5
P1811306-2,87440.0,7.5,295.0
P1811306-3,87440.0,11.600000000000001,573.0
P1811307-3,56860.0,11.0,773.0
P1811307-4,56860.0,12.0,673.0
P1811308-2,56861.0,12.5,950.0
P1811325-5,10680.0,10.6,298.0
P1811325-6,10680.0,9.799999999999999,298.0
P1811325-7,10680.0,10.333333333333334,298.0
P1811326-4,85670.0,-11.0,298.0
P1811326-5,85670.0,9.799999999999999,298.0
P1811326-6,85670.0,14.0,298.0
P1811369-2,26506.0,0.0036,2.4
P1811369-3,26506.0,0.027,7.0
P1814494-2,26506.0,4.97,77.0
P1814494-3,26506.0,11.719999999999999,300.0
P1814494-4,26506.0,5.4,90.0
P1814495-2,34271.0,5.015000000000001,77.0
P1814495-3,34271.0,13.75,300.0
P1814495-4,34271.0,5.800000000000001,90.0
P1820503-5,78188.0,117.0,298.0
P1820503-6,78188.0,89.0,298.0
P1820503-7,78188.0,78.0,298.0
P1820504-5,16053.0,73.0,298.0
P1820504-6,16053.0,113.0,298.0
P1820504-7,16053.0,79.0,298.0
P1820529-4,51772.0,15.666666666666664,298.0
P1820558-3,26945.0,13.9,685.5
P1820558-4,26945.0,14.3,685.5
P1820558-5,26945.0,2.7,685.5
P1820577-5,15947.0,7.199999999999999,298.0
P1820577-6,15947.0,7.5,298.0
P1820577-7,15947.0,8.8,298.0
P1820577-8,15947.0,7.8999999999999995,298.0
P1821556-5,14652.0,14.5,500.0
P1821691-5,27330.0,8.33,298.0
P1821692-5,46262.0,8.65,298.0
P1821693-5,46265.0,8.68,298.0
P1821694-5,46263.0,8.7,298.0
P1821695-5,31761.0,9.1,298.0
P1821696-5,80614.0,9.27,298.0
P1822379-1,78607.0,10.9,298.0
P1822379-2,78607.0,5.2,298.0
P1822379-3,78607.0,8.0,298.0
P1900103-1,7268.0,6.9,308.0
P1900103-2,7268.0,9.9,308.0
P1900264-3,45697.0,23.33333333333333,298.0
P1901100-11,27169.0,16.0,300.0
P1901100-12,27169.0,9.9,300.0
P1901100-13,27169.0,12.0,300.0
P1901100-14,27169.0,0.22999999999999998,90.0
P1901100-15,27169.0,0.15,93.4
P1901100-16,27169.0,0.01,298.0
P1901345-10,15904.0,-6.9,60.0
P1901345-11,15904.0,-3.0,200.0
P1901345-12,15904.0,25.0,175.0
P1901345-13,15904.0,17.0,100.0
P1901345-14,15904.0,3.0,25.0
P1901345-15,15904.0,-13.0,14.3
P1901345-16,15904.0,23.0,14.3
P1901345-17,15904.0,4.0,14.3
P1901345-18,15904.0,1.2,25.0
P1901345-19,15904.0,6.2,100.0
P1901345-20,15904.0,8.333333333333334,175.0
P1901345-6,15904.0,4.8999999999999995,25.0
P1901345-7,15904.0,9.2,60.0
P1901345-8,15904.0,2.6,200.0
P1901345-9,15904.0,-4.0,25.0
P1901346-6,15904.0,-13.0,14.3
P1901346-7,15904.0,23.0,14.3
P1901346-8,15904.0,4.0,14.3
P1902829-2,48657.0,12.4,298.0
P1902829-3,48657.0,12.0,97.0
P1902829-4,48657.0,13.0,450.0
P1902830-3,86345.0,14.9,493.0
P1902830-4,86345.0,14.9,625.0
P1902831-2,33832.0,12.6,673.0
P1902831-3,33832.0,12.6,738.0
P1902962-3,27623.0,7.199999999999999,100.0
P1902962-4,27623.0,0.09999999999999999,36.0
P1902962-5,27623.0,0.39999999999999997,45.0
P1902962-6,27623.0,11.5,100.0
P1902962-7,27623.0,6.9,100.0
P1902962-8,27623.0,12.2,100.0
P1902963-2,27623.0,-0.5,20.0
P1902963-3,27623.0,-0.09999999999999999,10.0
P1902963-4,27623.0,-1.0,30.0
P1902963-5,27623.0,-0.02,10.0
P1902963-6,27623.0,0.19999999999999998,10.0
P1902963-7,27623.0,-0.19999999999999998,12.0
P1902964-2,18989.0,4.8,149.0
P1902964-3,18989.0,4.5,110.0
P1902964-4,18989.0,4.5,150.0
P1902964-5,18989.0,5.0,120.0
P1902964-6,18989.0,4.6,150.0
P1902964-7,18989.0,4.5,149.0
P1903141-3,95304.0,12.3,298.0
P1903887-7,47236.0,25.0,290.0
P1903897-10,26506.0,10.0,298.0
P1903897-3,26506.0,2.0,298.0
P1903897-4,26506.0,2.0,298.0
P1903897-5,26506.0,3.0,298.0
P1903897-6,26506.0,8.0,298.0
P1903897-7,26506.0,8.0,298.0
P1903897-8,26506.0,10.0,298.0
P1903897-9,26506.0,2.333333333333333,298.0
P1903898-2,49967.0,3.0,298.0
P1903898-3,49967.0,3.0,298.0
P1903898-4,49967.0,4.0,298.0
P1903898-5,49967.0,5.0,298.0
P1903898-6,49967.0,5.0,298.0
P1903898-7,49967.0,10.0,298.0
P1903898-8,49967.0,4.0,298.0
P1903898-9,49967.0,9.0,298.0
P1903899-2,26652.0,0.0,298.0
P1903899-3,26652.0,0.0,298.0
P1903899-4,26652.0,0.0,298.0
P1903899-5,26652.0,5.0,298.0
P1903899-6,26652.0,5.0,298.0
P1903899-7,26652.0,14.0,298.0
P1903899-8,26652.0,1.0,298.0
P1903899-9,26652.0,10.0,298.0
P1903935-1,26506.0,8.75,298.0
P1903935-2,26506.0,23.31,298.0
P1903935-3,26506.0,34.629999999999995,298.0
P1903935-4,26506.0,5.28,298.0
P1903935-5,26506.0,14.110000000000001,298.0
P1903935-6,26506.0,31.59,298.0
P1903935-7,26506.0,59.79,298.0
P1903935-8,26506.0,159.31,298.0
P1903935-9,26506.0,192.95,298.0
P1905427-2,30949.0,6.7,298.0
P1905427-3,30949.0,10.7,298.0
P1905427-4,30949.0,9.799999999999999,298.0
P1905428-1,129850.0,1.4,298.0
P1905428-2,129850.0,4.6,298.0
P1905428-3,129850.0,5.05,298.0
P1906024-2,57465.0,12.999999999999998,298.0
P1906026-2,57464.0,15.333333333333332,298.0
P1906028-2,18591.0,13.999999999999998,298.0
P1906029-2,18590.0,22.333333333333332,298.0
P1906032-2,18679.0,18.0,298.0
P1906033-2,18678.0,21.666666666666664,298.0
P1906034-2,57463.0,12.666666666666666,298.0
P1906036-2,57462.0,12.999999999999998,298.0
P1906038-2,52994.0,15.0,298.0
P1906039-2,28148.0,18.333333333333332,298.0
P1906040-2,35301.0,13.999999999999998,298.0
P1906042-2,35303.0,12.999999999999998,298.0
P1906043-2,37323.0,19.0,298.0
P1906384-4,33829.0,12.5,495.0
P1906384-5,33829.0,28.0,810.0
P1906385-3,33829.0,11.9,965.0
P1907159-7,34597.0,2.5,298.0
P1907559-10,34388.0,16.666666666666668,20.0
P1907559-11,34388.0,-16.666666666666668,20.0
P1907559-12,34388.0,12.0,50.0
P1907559-13,34388.0,26.333333333333332,50.0
P1907559-14,34388.0,-8.0,85.0
P1907559-15,34388.0,-10.0,85.0
P1907559-16,34388.0,3.0,90.0
P1907559-17,34388.0,3.533333333333333,90.0
P1907982-18,32428.0,7.8,700.0
P1907982-19,32428.0,4.6,175.0
P1908438-3,26506.0,11.15,247.0
P1908438-4,26506.0,5.6,100.0
P1908438-5,26506.0,0.39999999999999997,25.0
P1908439-4,27041.0,10.200000000000001,248.0
P1908439-5,27041.0,4.8,100.0
P1908439-6,27041.0,0.6,12.0
P1908553-3,11526.0,2.1100000000000003,39.3
P1908553-4,11526.0,1.96,37.3
P1908554-3,50412.0,1.85,35.5
P1908554-4,50412.0,1.38,30.1
P1908555-2,26609.0,1.96,39.8
P1908555-3,26609.0,1.66,35.7
P1908556-3,26609.0,1.55,33.8
P1908556-4,26609.0,1.25,30.0
P1908677-4,141316.0,11.3,300.0
P1908677-5,141316.0,1.7,47.0
P1908677-6,141316.0,0.12,90.6
P1908678-4,34272.0,11.5,295.0
P1908678-5,34272.0,1.2,38.0
P1908678-6,34272.0,0.04,90.6
P1908679-4,26506.0,11.399999999999999,300.0
P1908679-5,26506.0,0.7,30.0
P1908679-6,26506.0,0.045,90.6
P1909807-3,48735.0,9.79,298.0
P1910367-9,71474.0,12.799999999999999,832.5
P1910368-4,78021.0,12.0,573.0
P1910368-5,78021.0,18.4,1023.0
P1910369-5,78022.0,9.2,648.0
P1910369-6,78022.0,14.5,1098.0
P1910682-1,17756.0,-9.0,10.0
P1910682-2,17756.0,4.0,10.0
P1910682-3,17756.0,-6.0,40.0
P1910682-4,17756.0,9.5,300.0
P1910682-5,17756.0,5.5,10.0
P1910682-6,17756.0,7.0,300.0
P1910682-7,17756.0,12.0,300.0
P1910682-8,17756.0,9.333333333333332,300.0
P1910934-10,27822.0,1620.0,83.0
P1910934-2,27822.0,150.0,223.0
P1910934-3,27822.0,150.0,223.0
P1910934-4,27822.0,157.0,223.0
P1910934-5,27822.0,-34.7,123.0
P1910934-6,27822.0,-30.1,123.0
P1910934-7,27822.0,-25.5,123.0
P1910934-8,27822.0,190.0,83.0
P1910934-9,27822.0,173.0,83.0
P1911325-3,13920.0,7.279999999999999,536.5
P1911325-4,13920.0,24.91,536.5
P1911325-5,13920.0,23.38,536.5
P1911325-6,13920.0,18.59,536.5
P1911327-2,88303.0,15.18,524.0
P1911327-3,88303.0,41.77,524.0
P1911327-4,88303.0,24.41,524.0
P1911406-3,9953.0,6.39,673.0
P1911406-4,9953.0,16.668300000000002,673.0
P1911406-5,9953.0,9.8582,673.0
P1911407-1,48147.0,10.7,385.5
P1911407-2,48147.0,11.1,435.5
P1911407-3,48147.0,12.2,1023.0
P1911407-4,48147.0,12.0,885.5
P1911407-5,48147.0,10.73333333333333,385.5
P1911407-6,48147.0,11.066666666666666,435.5
P1911407-7,48147.0,12.366666666666665,1023.0
P1911407-8,48147.0,12.133333333333331,885.5
P1911408-2,81343.0,16.5,385.5
P1911408-3,81343.0,-0.58,385.5
P1911409-2,48146.0,12.1,1023.0
P1911409-3,48146.0,12.166666666666666,1023.0
P1911410-1,9782.0,11.600000000000001,883.0
P1911411-1,55540.0,11.399999999999999,883.0
P1911416-1,35258.0,344.0,727.5
P1911416-2,35258.0,23.900000000000002,727.5
P1911421-1,55555.0,46.0,727.5
P1911421-2,55555.0,560.0,727.5
P1911434-2,16087.0,19.0,673.0
P1911434-3,16087.0,16.3,798.0
P1911435-2,16086.0,18.5,843.0
P1911435-3,16086.0,17.5,873.0
P1911436-3,52946.0,21.7,673.0
P1911436-4,52946.0,29.5,710.0
P1911436-5,52946.0,24.5,873.0
P1912181-16,28292.0,20.5,340.0
P1912181-17,28292.0,22.5,625.0
P1912181-18,28292.0,20.2,875.0
P1912182-10,63656.0,2.0,39.0
P1912182-5,63656.0,1.55,6.0
P1912182-6,63656.0,5.4,21.6
P1912182-7,63656.0,0.39999999999999997,39.0
P1912182-8,63656.0,-1.33,6.0
P1912182-9,63656.0,-3.0,21.6
P1912421-2,31302.0,63.0,298.0
P1912605-4,27622.0,8.0,227.5
P1912833-1,143892.0,18.8,298.0
P1912833-2,143892.0,24.46,298.0
P1912833-3,143892.0,12.24,298.0
P1912833-4,143892.0,9.79,298.0
P1913321-10,32442.0,13.200000000000001,245.5
P1913321-11,32442.0,4.300000000000001,245.5
P1913321-12,32442.0,8.8,245.5
P1913321-13,32442.0,8.733333333333333,245.5
P1913322-7,96784.0,14.7,284.0
P1913322-8,96784.0,1.7999999999999998,284.0
P1913322-9,96784.0,12.9,284.0
P1913855-3,130922.0,0.77,298.0
P1913945-10,26498.0,7.0,486.0
P1913945-2,26498.0,3.1999999999999997,358.0
P1913945-3,26498.0,1.9,393.0
P1913945-4,26498.0,6.1,486.0
P1913945-5,26498.0,1.4,371.0
P1913945-6,26498.0,1.4,393.0
P1913945-7,26498.0,7.0,484.0
P1913945-8,26498.0,-0.5,360.0
P1913945-9,26498.0,2.0,406.0
P1913947-3,27074.0,50.0,355.0
P1913948-2,26497.0,-1.0,430.0
P1913948-3,26497.0,7.0,488.0
P1914452-2,30731.0,182.0,94.0
P1914452-3,30731.0,-33.0,94.0
P1914452-4,30731.0,22.0,125.0
P1914452-5,30731.0,8.0,175.0
P1914453-2,18093.0,-15.0,25.0
P1914453-3,18093.0,-222.0,53.0
P1914453-4,18093.0,-16.0,100.0
P1914455-10,30787.0,7.700000000000001,50.0
P1914455-11,30787.0,14.5,200.0
P1914455-12,30787.0,6.2,195.0
P1914455-8,30787.0,23.5,25.0
P1914455-9,30787.0,-15.0,25.0
P1914681-6,55535.0,17.8,823.0
P1914681-7,55535.0,14.9,673.0
P1914681-8,55535.0,24.4,1123.0
P1914682-6,77640.0,17.8,823.0
P1914682-7,77640.0,14.2,698.0
P1914682-8,77640.0,26.8,1148.0
P1914683-6,66783.0,17.5,823.0
P1914683-7,66783.0,13.200000000000001,673.0
P1914683-8,66783.0,25.700000000000003,1123.0
P1914684-6,77642.0,18.8,823.0
P1914684-7,77642.0,13.7,613.0
P1914684-8,77642.0,24.5,1063.0
P1914741-7,48943.0,12.72,298.0
P1914742-7,77529.0,12.75,298.0
P1914743-7,18436.0,12.91,298.0
P1914989-1,12219.0,8.0,573.0
P1914990-1,129618.0,9.0,573.0
P1915379-2,18989.0,8.600000000000001,298.0
P1915379-3,18989.0,7.4,298.0
P1915448-1,12736.0,13.8,785.5
P1915448-2,12736.0,5.04,785.5
P1915448-3,12736.0,13.1,785.5
P1915448-4,12736.0,10.6,785.5
P1915449-1,12734.0,9.23,785.5
P1915449-2,12734.0,9.066666666666666,785.5
P1915450-1,12735.0,4.42,785.5
P1915450-2,12735.0,8.3,785.5
P1915450-3,12735.0,5.12,785.5
P1915450-4,12735.0,6.133333333333333,785.5
P1915982-1,7151.0,65.0,1000.0
P1915982-2,7151.0,-4.0,1000.0
P1915982-3,7151.0,18.0,1000.0
P1915982-4,7151.0,13.999999999999998,300.0
P1915982-5,7151.0,24.999999999999996,1000.0
P1916604-17,9968.0,27.0,300.0
P1916604-18,9968.0,5.1000000000000005,300.0
P1916701-10,9968.0,5.43,3000.0
P1916701-7,9968.0,31.7,300.0
P1916701-8,9968.0,4.17,300.0
P1916701-9,9968.0,68.89999999999999,3000.0
P1917502-1,6597.0,7.033333333333333,300.0
P1917502-2,6597.0,8.899999999999999,1873.0
P1917721-4,26506.0,12.16,300.0
P1917721-5,26506.0,2.6,50.0
P1917722-4,37717.0,11.42,300.0
P1917722-5,37717.0,2.38,50.0
P1918788-6,122153.0,11.1,298.0
P1918789-6,64678.0,11.1,298.0
P1918799-5,122153.0,14.1,475.0
P1918799-6,122153.0,20.400000000000002,875.0
P1918985-5,15966.0,0.5700000000000001,700.0
P1918985-6,15966.0,0.63,900.0
P1919045-10,75088.0,5.3,298.0
P1919045-8,75088.0,4.6,298.0
P1919045-9,75088.0,3.5,298.0
P1919154-5,48639.0,8.8,350.0
P1919154-6,48639.0,16.799999999999997,800.0
P1919154-7,48639.0,14.7,298.0
P1919268-2,27639.0,11.42,600.0
P1919268-3,27639.0,13.72,1135.0
P1919269-2,75478.0,11.549999999999999,600.0
P1919269-3,75478.0,13.92,1135.0
P1919652-1,138128.0,2.69,298.0
P1919654-1,45775.0,4.0600000000000005,298.0
P1919655-1,45780.0,3.15,298.0
P1919773-4,33181.0,8.2,700.0
P1919775-4,78403.0,8.0,700.0
P1919779-4,15855.0,6.5,700.0
P1919784-4,34035.0,8.399999999999999,700.0
P1919993-2,48943.0,10.48,883.0
P1919994-2,48945.0,11.87,883.0
P1919995-2,56158.0,12.1,783.0
P1919996-1,56155.0,12.61,298.0
P1919997-1,55544.0,12.469999999999999,298.0
P1919998-1,127544.0,11.770000000000001,298.0
P1919999-1,127491.0,11.950000000000001,883.0
P1920000-1,127490.0,12.29,883.0
P1920001-1,82294.0,12.32,883.0
P1920002-1,112290.0,12.45,298.0
P1920641-5,122153.0,14.399999999999999,298.0
P1920642-5,96483.0,15.299999999999999,298.0
P1920643-5,98975.0,14.8,298.0
P1920644-5,98976.0,15.5,298.0
P1920645-6,96333.0,14.7,298.0
P1920646-6,99023.0,13.299999999999999,298.0
P1920647-7,127757.0,13.8,298.0
P1920648-6,127758.0,13.299999999999999,298.0
P1920649-8,127756.0,13.1,298.0
P1920652-6,91182.0,13.5,298.0
P1920654-8,49074.0,12.799999999999999,298.0
P1921041-4,105554.0,3.7,280.0
P1921041-5,105554.0,9.4,280.0
P1921041-6,105554.0,4.6,180.0
P1921147-3,46824.0,6.1,150.0
P1921148-5,26763.0,8.3,330.0
P1921149-4,46825.0,7.4,250.0
P1921150-3,12954.0,12.0,500.0
P1921151-3,83768.0,1.35,500.0
P1921152-6,47301.0,8.2,275.0
P1921153-4,168252.0,7.199999999999999,200.0
P1921154-3,168252.0,5.699999999999999,180.0
P1921155-4,57045.0,12.5,550.0
P1921156-6,98751.0,7.5,300.0
P1921177-2,13898.0,10.1,298.0
P1921178-2,14071.0,10.299999999999999,298.0
P1921179-2,14901.0,10.4,298.0
P1921180-2,18625.0,10.5,298.0
P1921182-2,13639.0,10.9,298.0
P1921185-2,15943.0,11.2,298.0
P1921186-2,14037.0,11.2,298.0
P1921187-2,16239.0,10.6,298.0
P1921279-1,130688.0,-10.0,338.0
P1921987-4,12936.0,1.5,1000.0
P1921987-5,12936.0,-1.4,130.0
P1921992-4,28085.0,7.700000000000001,82.5
P1921992-5,28085.0,1.7,82.5
P1921992-6,28085.0,3.27,82.5
P1921992-7,28085.0,4.233333333333333,82.5
P1922328-5,30787.0,12.0,252.0
P1922328-6,30787.0,-7.199999999999999,260.0
P1922328-7,30787.0,19.3,260.0
P1922328-8,30787.0,8.1,260.0
P1922435-6,37559.0,11.7,298.0
P1922436-6,128869.0,13.1,298.0
P1922437-3,139036.0,14.0,298.0
P1922438-3,139034.0,14.399999999999999,298.0
P1922439-3,128868.0,15.400000000000002,298.0
P1922682-19,70952.0,12.6,298.0
P1922682-20,70952.0,12.6,298.0
P1922682-21,70952.0,7.300000000000001,298.0
P1922682-22,70952.0,15.0,298.0
P1922682-23,70952.0,8.0,298.0
P1922682-24,70952.0,18.8,298.0
P1922891-5,13167.0,11.049999999999999,298.0
P1922892-5,13172.0,8.379999999999999,298.0
P1922893-5,15774.0,8.379999999999999,298.0
P1923154-3,63640.0,13.5,298.0
P1923155-3,34305.0,14.0,298.0
P1923597-4,37627.0,14.0,575.0
P1923597-5,37627.0,16.799999999999997,1000.0
P1923598-4,37628.0,14.8,590.0
P1923598-5,37628.0,22.7,900.0
P1923671-2,37197.0,11.31,725.0
P1923672-2,37590.0,10.32,700.0
P1923673-2,35258.0,1.35,300.0
P1923673-3,35258.0,5.42,300.0
P1925131-2,12219.0,9.819999999999999,985.5
P1925132-2,129618.0,11.610000000000001,985.5
P600941-1,22033.0,8.600000000000001,298.0
P600941-2,22033.0,21.900000000000002,298.0
P600941-3,22033.0,18.0,298.0
P600948-1,12432.0,7.96,323.0
P600948-2,12432.0,-1.53,323.0
P600949-1,7282.0,6.11,300.0
P600949-2,7282.0,3.59,300.0
P601140-2,5343.0,14.9,1273.0
P601323-10,6479.0,24.5,300.0
P601323-11,6479.0,11.399999999999999,250.0
P601323-12,6479.0,24.5,250.0
P601323-13,6479.0,10.8,223.0
P601323-14,6479.0,24.5,223.0
P601323-9,6479.0,12.0,300.0
P601324-2,33969.0,14.0,300.0
P601324-3,33969.0,25.0,300.0
P601465-2,6375.0,2.0,250.0
P601465-3,6375.0,5.9,250.0
P601465-4,6375.0,5.0,250.0
P601465-5,6375.0,2.333333333333333,150.0
P601465-6,6375.0,4.133333333333333,250.0
P601534-3,6475.0,12.2,112.5
P601534-4,6475.0,16.7,200.0
P601534-5,6475.0,21.8,300.0
P601534-6,6475.0,26.599999999999998,400.0
P601534-7,6475.0,31.6,500.0
P601534-8,6475.0,35.9,590.0
P601536-2,38770.0,5.9,298.0
P601536-3,38770.0,10.8,298.0
P601536-4,38770.0,-20.5,298.0
P601537-4,7278.0,24.4,350.0
P601537-5,7278.0,-11.399999999999999,350.0
P601617-2,6476.0,6.0,262.5
P601617-3,6476.0,6.8,262.5
P601617-4,6476.0,6.266666666666666,298.0
P601618-2,6476.0,4.5,195.0
P601618-3,6476.0,3.5,195.0
P601618-4,6476.0,4.166666666666667,298.0
P601619-3,33074.0,4.5,195.0
P601619-4,33074.0,3.5,195.0
P601619-5,33074.0,4.166666666666667,298.0
P601620-2,33074.0,-282.0,140.0
P601620-3,33074.0,320.0,140.0
P601620-4,33074.0,6.0,140.0
P601620-5,33074.0,-73.0,30.0
P601620-6,33074.0,102.0,30.0
P601620-7,33074.0,6.0,85.0
P601620-8,33074.0,7.666666666666666,30.0
P601621-3,33074.0,-671.0,298.0
P601621-4,33074.0,829.0,298.0
P601621-5,33074.0,0.0,298.0
P601621-6,33074.0,24.666666666666664,298.0
P601689-3,6597.0,5.31,298.0
P601689-4,6597.0,4.78,298.0
P602190-3,7183.0,5.699999999999999,160.0
P602190-4,7183.0,7.4,200.0
P602190-5,7183.0,9.3,300.0
P602190-6,7183.0,-6.0,160.0
P602190-7,7183.0,0.3,200.0
P602190-8,7183.0,2.9000000000000004,300.0
P603720-1,12699.0,6.319999999999999,305.0
P603720-2,12699.0,6.63,398.0
P603720-3,12699.0,6.9,480.0
P603720-4,12699.0,7.16,560.0
P603720-5,12699.0,7.359999999999999,618.0
P603720-6,12699.0,7.64,699.0
P603720-7,12699.0,8.01,806.0
P603720-8,12699.0,8.379999999999999,909.0
P603720-9,12699.0,8.760000000000002,1015.0
P605226-8,12936.0,1.7,205.0
P605338-2,14097.0,31.97,224.0
P605338-3,14097.0,114.02,450.0
P606711-10,6123.0,7.2333333333333325,300.0
P606711-11,6123.0,8.299999999999999,500.0
P606711-12,6123.0,9.866666666666667,800.0
P606711-13,6123.0,11.533333333333333,1100.0
P606711-14,6123.0,13.766666666666666,1500.0
P606711-15,6123.0,15.533333333333333,1800.0
P606711-16,6123.0,16.7,2000.0
P606711-17,6123.0,18.5,2300.0
P606711-18,6123.0,19.7,2500.0
P606714-1,6597.0,5.800000000000001,293.0
P606714-10,6597.0,9.25,800.0
P606714-11,6597.0,9.65,1000.0
P606714-12,6597.0,0.003,20.0
P606714-13,6597.0,0.08,50.0
P606714-14,6597.0,0.73,100.0
P606714-15,6597.0,2.7,180.0
P606714-16,6597.0,5.1499999999999995,300.0
P606714-17,6597.0,7.18,500.0
P606714-18,6597.0,7.700000000000001,600.0
P606714-19,6597.0,8.33,800.0
P606714-2,6597.0,5.06,293.0
P606714-20,6597.0,8.780000000000001,1000.0
P606714-21,6597.0,9.04,1000.0
P606714-22,6597.0,10.0,1400.0
P606714-23,6597.0,10.69,1800.0
P606714-24,6597.0,11.19,2000.0
P606714-3,6597.0,0.006,20.0
P606714-4,6597.0,0.12,50.0
P606714-5,6597.0,0.98,100.0
P606714-6,6597.0,3.3000000000000003,180.0
P606714-7,6597.0,5.9,300.0
P606714-8,6597.0,7.930000000000001,500.0
P606714-9,6597.0,8.53,600.0
P606820-1,6123.0,10.0,1000.0
P800031-2,7279.0,9.36,297.0
P800296-1,13606.0,8.5,485.5
P800296-2,13606.0,21.4,485.5
P800296-3,13606.0,12.799999999999999,485.5
P800730-1,6133.0,6.7,298.0
P800730-2,6133.0,-2.5,298.0
P800730-3,6133.0,10.8,298.0
P800730-4,6133.0,5.5,298.0
P800730-5,6133.0,5.5,298.0
P800730-6,6133.0,2.933333333333333,298.0
P800731-1,9227.0,9.3,298.0
P800731-2,9227.0,12.5,298.0
P800731-3,9227.0,10.4,298.0
P800731-4,9227.0,10.366666666666665,298.0
P800731-5,9227.0,4.0,298.0
P800732-1,13174.0,10.4,298.0
P800732-2,13174.0,10.399999999999999,298.0
P800739-1,6133.0,10.309999999999999,298.0
P800739-2,6133.0,1.35,298.0
P800739-3,6133.0,14.68,298.0
P800740-1,6131.0,11.600000000000001,298.0
P800740-2,6131.0,16.08,298.0
P904030-5,5251.0,-19.0,295.0
P921021-6,9968.0,11.0,298.0
